{
  "train_mse": 0.5179331255246699,
  "test_mse": 0.555891598695244,
  "train_r2": 0.6125511913966952,
  "test_r2": 0.5757877060324511,
  "train_mae": 0.5286283596581928,
  "test_mae": 0.5332001304956558
}