{
  "train_mse": 0.5179331255246699,
  "test_mse": 0.5558915986952442,
  "train_r2": 0.6125511913966952,
  "test_r2": 0.575787706032451,
  "train_mae": 0.5286283596581923,
  "test_mae": 0.5332001304956555
}